<?xml version="1.0" encoding="UTF-8"?>
<?xml-stylesheet type="text/xsl" href="Exp16.xsl"?>
<breakfast_menu>
    <food>
<name>Belgian Waffles</name>
    <price>$5.95</price>
    <description>
   Two of our famous Belgian Waffles with plenty of real maple syrup
   </description>
    <calories>650</calories>
</food>
<food>
    <name>Strawberry Belgian Waffles</name>
    <price>$7.95</price>
    <description>
    Light Belgian waffles covered with strawberries and whipped cream
    </description>
    
    </food>
</breakfast_menu>