<?xml version = "1.0" standalone="no"?>
  <!DOCTYPE DOCUMENT SYSTEM "exp14.dtd"
   [ <!ELEMENT PRODUCT (PRODUCT_ID)>
     <!ELEMENT PRODUCT_ID (#PCDATA)> ]>
     <DOCUMENT>
          <CUSTOMER>
                   <NAME>
                        <FIRST_NAME>Alan</FIRST_NAME>
                        <LAST_NAME>turing</LAST_NAME>
                  </NAME>
                  <DATE>April 15, 2022</DATE> 
                    <ORDERS>
                        <ITEM>
                            <PRODUCT>
                                <PRODUCT_ID>198348209</PRODUCT_ID>
                            </PRODUCT>
                            <NUMBER>8</NUMBER>
                            <PRICE>.25</PRICE>
                        </ITEM>
                        <ITEM>
                            <PRODUCT>
                                <PRODUCT_ID>198348206</PRODUCT_ID>
                            </PRODUCT>
                            <NUMBER>6</NUMBER>
                            <PRICE>.50</PRICE>
                        </ITEM>

                    </ORDERS>
         </CUSTOMER>
    </DOCUMENT> 